{
  "name": "cpu_benchmark_esm2_3B",
  "total_time": 1875.0878813266754,
  "metadata": {
    "model": "esm2_3B",
    "device": "cpu",
    "num_threads": 16,
    "input_file": "/data/user_data/anshulk/cafa6/data/train_sequences_benchmark_1k.fasta",
    "num_sequences": 1000,
    "mean_seq_length": 415.309,
    "max_seq_length": 6199
  },
  "timers": {
    "read_sequences": {
      "mean": 0.0019061565399169922,
      "median": 0.0019061565399169922,
      "std": 0.0,
      "min": 0.0019061565399169922,
      "max": 0.0019061565399169922,
      "p95": 0.0019061565399169922,
      "p99": 0.0019061565399169922,
      "total": 0.0019061565399169922,
      "count": 1
    },
    "load_model": {
      "mean": 0.768547534942627,
      "median": 0.768547534942627,
      "std": 0.0,
      "min": 0.768547534942627,
      "max": 0.768547534942627,
      "p95": 0.768547534942627,
      "p99": 0.768547534942627,
      "total": 0.768547534942627,
      "count": 1
    },
    "tokenize": {
      "mean": 0.014459536189124697,
      "median": 0.012361526489257812,
      "std": 0.009417526060370171,
      "min": 0.002095460891723633,
      "max": 0.048479557037353516,
      "p95": 0.03334147930145261,
      "p99": 0.04576499462127683,
      "total": 0.6073005199432373,
      "count": 42
    },
    "forward": {
      "mean": 44.597648490042914,
      "median": 38.580223083496094,
      "std": 27.05835263315901,
      "min": 8.073270797729492,
      "max": 122.0917375087738,
      "p95": 104.50438256263726,
      "p99": 121.83500305175781,
      "total": 1873.1012365818024,
      "count": 42
    },
    "mean_pool": {
      "mean": 0.013103655406406947,
      "median": 0.010647058486938477,
      "std": 0.011520669066037352,
      "min": 0.002403736114501953,
      "max": 0.07961583137512207,
      "p95": 0.02239341735839843,
      "p99": 0.05969649553298932,
      "total": 0.5503535270690918,
      "count": 42
    }
  },
  "batch_stats": {
    "total_batches": 42,
    "total_items": 1000,
    "batch_time": {
      "mean": 44.625339757828485,
      "median": 38.602887749671936,
      "std": 27.069638224272875,
      "min": 8.077876091003418,
      "max": 122.15648174285889,
      "p95": 104.55514756441109,
      "p99": 121.89903311252594,
      "total": 1874.2642698287964
    },
    "throughput": {
      "mean": 0.7655445598855334,
      "median": 0.6218752345509795,
      "std": 0.5282501631317721,
      "min": 0.19646931261920542,
      "max": 2.9710780073402643
    },
    "seq_length": {
      "mean": 405.4761904761905,
      "median": 354.5,
      "min": 65.0,
      "max": 1024.0
    }
  },
  "batch_details": [
    {
      "batch_time": 8.077876091003418,
      "batch_size": 24,
      "throughput": 2.9710780073402643,
      "max_seq_length": 65,
      "forward_time": 8.07329273223877
    },
    {
      "batch_time": 11.089648723602295,
      "batch_size": 24,
      "throughput": 2.1641803629830383,
      "max_seq_length": 98,
      "forward_time": 11.067917108535767
    },
    {
      "batch_time": 17.397692918777466,
      "batch_size": 24,
      "throughput": 1.3794932530448685,
      "max_seq_length": 125,
      "forward_time": 17.31292176246643
    },
    {
      "batch_time": 16.829773664474487,
      "batch_size": 24,
      "throughput": 1.426044133359972,
      "max_seq_length": 137,
      "forward_time": 16.81954050064087
    },
    {
      "batch_time": 17.20534658432007,
      "batch_size": 24,
      "throughput": 1.3949152307034707,
      "max_seq_length": 151,
      "forward_time": 17.193782329559326
    },
    {
      "batch_time": 19.005996227264404,
      "batch_size": 24,
      "throughput": 1.262759379356901,
      "max_seq_length": 170,
      "forward_time": 18.9924898147583
    },
    {
      "batch_time": 20.503259420394897,
      "batch_size": 24,
      "throughput": 1.1705455951128845,
      "max_seq_length": 184,
      "forward_time": 20.489542484283447
    },
    {
      "batch_time": 21.96979331970215,
      "batch_size": 24,
      "throughput": 1.0924090022493382,
      "max_seq_length": 197,
      "forward_time": 21.954701900482178
    },
    {
      "batch_time": 22.739192008972168,
      "batch_size": 24,
      "throughput": 1.055446472791573,
      "max_seq_length": 207,
      "forward_time": 22.72321105003357
    },
    {
      "batch_time": 23.91794466972351,
      "batch_size": 24,
      "throughput": 1.0034307015677797,
      "max_seq_length": 219,
      "forward_time": 23.902547359466553
    },
    {
      "batch_time": 24.957254886627197,
      "batch_size": 24,
      "throughput": 0.9616442236545766,
      "max_seq_length": 229,
      "forward_time": 24.940245389938354
    },
    {
      "batch_time": 26.473260402679443,
      "batch_size": 24,
      "throughput": 0.9065751492238139,
      "max_seq_length": 244,
      "forward_time": 26.45643138885498
    },
    {
      "batch_time": 28.08969783782959,
      "batch_size": 24,
      "throughput": 0.8544057731969683,
      "max_seq_length": 259,
      "forward_time": 28.07237434387207
    },
    {
      "batch_time": 28.997300624847412,
      "batch_size": 24,
      "throughput": 0.8276632473656775,
      "max_seq_length": 267,
      "forward_time": 28.979071378707886
    },
    {
      "batch_time": 30.407109260559082,
      "batch_size": 24,
      "throughput": 0.7892891032272603,
      "max_seq_length": 280,
      "forward_time": 30.387837648391724
    },
    {
      "batch_time": 32.03845238685608,
      "batch_size": 24,
      "throughput": 0.7490998538320818,
      "max_seq_length": 294,
      "forward_time": 32.018402338027954
    },
    {
      "batch_time": 33.70165991783142,
      "batch_size": 24,
      "throughput": 0.7121310955755532,
      "max_seq_length": 309,
      "forward_time": 33.68131899833679
    },
    {
      "batch_time": 34.7996506690979,
      "batch_size": 24,
      "throughput": 0.6896620954104004,
      "max_seq_length": 320,
      "forward_time": 34.77852725982666
    },
    {
      "batch_time": 35.59769606590271,
      "batch_size": 24,
      "throughput": 0.6742009358012476,
      "max_seq_length": 328,
      "forward_time": 35.57516145706177
    },
    {
      "batch_time": 37.04575300216675,
      "batch_size": 24,
      "throughput": 0.6478475413523455,
      "max_seq_length": 340,
      "forward_time": 37.022992849349976
    },
    {
      "batch_time": 37.98352074623108,
      "batch_size": 24,
      "throughput": 0.6318529596122656,
      "max_seq_length": 349,
      "forward_time": 37.96083378791809
    },
    {
      "batch_time": 39.22225475311279,
      "batch_size": 24,
      "throughput": 0.6118975094896932,
      "max_seq_length": 360,
      "forward_time": 39.19964027404785
    },
    {
      "batch_time": 40.38660407066345,
      "batch_size": 24,
      "throughput": 0.5942564509263465,
      "max_seq_length": 372,
      "forward_time": 40.363094329833984
    },
    {
      "batch_time": 42.06073784828186,
      "batch_size": 24,
      "throughput": 0.5706033994593934,
      "max_seq_length": 387,
      "forward_time": 42.037020683288574
    },
    {
      "batch_time": 43.250866413116455,
      "batch_size": 24,
      "throughput": 0.5549021786236784,
      "max_seq_length": 397,
      "forward_time": 43.22609066963196
    },
    {
      "batch_time": 44.551598072052,
      "batch_size": 24,
      "throughput": 0.5387012147394915,
      "max_seq_length": 407,
      "forward_time": 44.52615404129028
    },
    {
      "batch_time": 45.687607765197754,
      "batch_size": 24,
      "throughput": 0.5253065584729925,
      "max_seq_length": 417,
      "forward_time": 45.6617066860199
    },
    {
      "batch_time": 46.82902669906616,
      "batch_size": 24,
      "throughput": 0.512502644016699,
      "max_seq_length": 428,
      "forward_time": 46.80288362503052
    },
    {
      "batch_time": 48.63556623458862,
      "batch_size": 24,
      "throughput": 0.49346603438805425,
      "max_seq_length": 443,