{
  "name": "gpu_benchmark_esm_c_600m",
  "total_time": 41.02960419654846,
  "metadata": {
    "model": "esm_c_600m",
    "device": "cuda:0",
    "gpu_id": 0,
    "gpu_name": "NVIDIA RTX A6000",
    "input_file": "/data/user_data/anshulk/cafa6/data/train_sequences_benchmark_1k.fasta",
    "num_sequences": 1000,
    "mean_seq_length": 415.309,
    "max_seq_length": 6199,
    "gpu_util_batch_0": {
      "gpu_util_percent": 6,
      "memory_util_percent": 0,
      "temperature_c": 80,
      "power_watts": 103.705
    },
    "gpu_util_batch_10": {
      "gpu_util_percent": 100,
      "memory_util_percent": 48,
      "temperature_c": 85,
      "power_watts": 299.274
    },
    "gpu_util_batch_20": {
      "gpu_util_percent": 100,
      "memory_util_percent": 52,
      "temperature_c": 86,
      "power_watts": 298.069
    },
    "gpu_util_batch_30": {
      "gpu_util_percent": 100,
      "memory_util_percent": 73,
      "temperature_c": 86,
      "power_watts": 295.018
    },
    "final_gpu_util": {
      "gpu_util_percent": 100,
      "memory_util_percent": 58,
      "temperature_c": 86,
      "power_watts": 298.868
    }
  },
  "timers": {
    "read_sequences": {
      "mean": 0.0021135807037353516,
      "median": 0.0021135807037353516,
      "std": 0.0,
      "min": 0.0021135807037353516,
      "max": 0.0021135807037353516,
      "p95": 0.0021135807037353516,
      "p99": 0.0021135807037353516,
      "total": 0.0021135807037353516,
      "count": 1
    },
    "load_model": {
      "mean": 1.3897457122802734,
      "median": 1.3897457122802734,
      "std": 0.0,
      "min": 1.3897457122802734,
      "max": 1.3897457122802734,
      "p95": 1.3897457122802734,
      "p99": 1.3897457122802734,
      "total": 1.3897457122802734,
      "count": 1
    },
    "tokenize": {
      "mean": 0.018867529928684235,
      "median": 0.01645064353942871,
      "std": 0.011662032931649314,
      "min": 0.003283977508544922,
      "max": 0.060363054275512695,
      "p95": 0.03975366353988647,
      "p99": 0.05537946701049807,
      "total": 0.6037609577178955,
      "count": 32
    },
    "h2d_transfer": {
      "mean": 0.00010145455598831177,
      "median": 9.489059448242188e-05,
      "std": 3.0103413287138124e-05,
      "min": 6.270408630371094e-05,
      "max": 0.0001766681671142578,
      "p95": 0.00016639232635498046,
      "p99": 0.00017600297927856446,
      "total": 0.0032465457916259766,
      "count": 32
    },
    "forward": {
      "mean": 0.4302622452378273,
      "median": 0.35225725173950195,
      "std": 0.25582022504665086,
      "min": 0.11386680603027344,
      "max": 1.0772819519042969,
      "p95": 0.9571196436882018,
      "p99": 1.0759931874275208,
      "total": 13.768391847610474,
      "count": 32
    },
    "mean_pool": {
      "mean": 0.00031212717294692993,
      "median": 0.00018024444580078125,
      "std": 0.0006205290743368024,
      "min": 0.000118255615234375,
      "max": 0.003747701644897461,
      "p95": 0.0003552794456481933,
      "p99": 0.0027004003524780315,
      "total": 0.009988069534301758,
      "count": 32
    },
    "d2h_transfer": {
      "mean": 0.0005209296941757202,
      "median": 0.0004709959030151367,
      "std": 0.00028739809563390587,
      "min": 0.000141143798828125,
      "max": 0.001308441162109375,
      "p95": 0.0011878609657287595,
      "p99": 0.0012989068031311036,
      "total": 0.016669750213623047,
      "count": 32
    }
  },
  "batch_stats": {
    "total_batches": 32,
    "total_items": 1000,
    "batch_time": {
      "mean": 1.2374713346362114,
      "median": 1.0082935094833374,
      "std": 0.8097768560668878,
      "min": 0.3140695095062256,
      "max": 3.5395689010620117,
      "p95": 3.21973568201065,
      "p99": 3.5353101468086243,
      "total": 39.599082708358765
    },
    "throughput": {
      "mean": 35.56360253152826,
      "median": 30.860969340377075,
      "std": 21.82885344204036,
      "min": 9.005227441194641,
      "max": 101.88827323706087
    },
    "seq_length": {
      "mean": 419.9375,
      "median": 360.0,
      "min": 82.0,
      "max": 1024.0
    }
  },
  "batch_details": [
    {
      "batch_time": 1.003260850906372,
      "batch_size": 32,
      "throughput": 31.895991925819057,
      "max_seq_length": 82,
      "forward_time": 0.9959018230438232,
      "tokenize_time": 0.0032961368560791016,
      "h2d_time": 0.0001373291015625,
      "d2h_time": 0.000148773193359375
    },
    {
      "batch_time": 0.3140695095062256,
      "batch_size": 32,
      "throughput": 101.88827323706087,
      "max_seq_length": 117,
      "forward_time": 0.30838704109191895,
      "tokenize_time": 0.005271196365356445,
      "h2d_time": 6.723403930664062e-05,
      "d2h_time": 0.00019812583923339844
    },
    {
      "batch_time": 0.3837883472442627,
      "batch_size": 32,
      "throughput": 83.37929025144047,
      "max_seq_length": 137,
      "forward_time": 0.37686610221862793,
      "tokenize_time": 0.006494283676147461,
      "h2d_time": 6.937980651855469e-05,
      "d2h_time": 0.0002243518829345703
    },
    {
      "batch_time": 0.4297196865081787,
      "batch_size": 32,
      "throughput": 74.4671491781677,
      "max_seq_length": 156,
      "forward_time": 0.42188596725463867,
      "tokenize_time": 0.007365703582763672,
      "h2d_time": 6.890296936035156e-05,
      "d2h_time": 0.00024771690368652344
    },
    {
      "batch_time": 0.485767126083374,
      "batch_size": 32,
      "throughput": 65.87518644583561,
      "max_seq_length": 179,
      "forward_time": 0.4770240783691406,
      "tokenize_time": 0.008249044418334961,
      "h2d_time": 6.818771362304688e-05,
      "d2h_time": 0.0002675056457519531
    },
    {
      "batch_time": 0.5516493320465088,
      "batch_size": 32,
      "throughput": 58.00786503499677,
      "max_seq_length": 197,
      "forward_time": 0.5419826507568359,
      "tokenize_time": 0.009152650833129883,
      "h2d_time": 7.081031799316406e-05,
      "d2h_time": 0.0002894401550292969
    },
    {
      "batch_time": 0.5987894535064697,
      "batch_size": 32,
      "throughput": 53.441155004668516,
      "max_seq_length": 213,
      "forward_time": 0.5884132385253906,
      "tokenize_time": 0.009840965270996094,
      "h2d_time": 7.224082946777344e-05,
      "d2h_time": 0.000316619873046875
    },
    {
      "batch_time": 0.6378388404846191,
      "batch_size": 32,
      "throughput": 50.16941266180489,
      "max_seq_length": 227,
      "forward_time": 0.6269023418426514,
      "tokenize_time": 0.010361671447753906,
      "h2d_time": 8.463859558105469e-05,
      "d2h_time": 0.0003337860107421875
    },
    {
      "batch_time": 0.6777493953704834,
      "batch_size": 32,
      "throughput": 47.21509191831531,
      "max_seq_length": 244,
      "forward_time": 0.6631002426147461,
      "tokenize_time": 0.01391744613647461,
      "h2d_time": 9.799003601074219e-05,
      "d2h_time": 0.0002982616424560547
    },
    {
      "batch_time": 0.7508547306060791,
      "batch_size": 32,
      "throughput": 42.6180973437699,
      "max_seq_length": 262,
      "forward_time": 0.7381129264831543,
      "tokenize_time": 0.012030601501464844,
      "h2d_time": 9.202957153320312e-05,
      "d2h_time": 0.00034737586975097656
    },
    {
      "batch_time": 0.7835605144500732,
      "batch_size": 32,
      "throughput": 40.83921970271636,
      "max_seq_length": 275,
      "forward_time": 0.7701709270477295,
      "tokenize_time": 0.012742280960083008,
      "h2d_time": 8.940696716308594e-05,
      "d2h_time": 0.00038623809814453125
    },
    {
      "batch_time": 0.8335683345794678,
      "batch_size": 32,
      "throughput": 38.38917419547119,
      "max_seq_length": 294,
      "forward_time": 0.819326639175415,
      "tokenize_time": 0.013553857803344727,
      "h2d_time": 9.083747863769531e-05,
      "d2h_time": 0.00040149688720703125
    },
    {
      "batch_time": 0.8854777812957764,
      "batch_size": 32,
      "throughput": 36.138682049336516,