{
  "name": "gpu_benchmark_prot_t5_xl",
  "total_time": 44.4719295501709,
  "metadata": {
    "model": "prot_t5_xl",
    "device": "cuda:0",
    "gpu_id": 0,
    "gpu_name": "NVIDIA RTX A6000",
    "input_file": "/data/user_data/anshulk/cafa6/data/train_sequences_benchmark_1k.fasta",
    "num_sequences": 1000,
    "mean_seq_length": 415.309,
    "max_seq_length": 6199,
    "gpu_util_batch_0": {
      "gpu_util_percent": 0,
      "memory_util_percent": 0,
      "temperature_c": 84,
      "power_watts": 152.856
    },
    "gpu_util_batch_10": {
      "gpu_util_percent": 100,
      "memory_util_percent": 48,
      "temperature_c": 85,
      "power_watts": 298.859
    },
    "gpu_util_batch_20": {
      "gpu_util_percent": 100,
      "memory_util_percent": 100,
      "temperature_c": 86,
      "power_watts": 289.982
    },
    "final_gpu_util": {
      "gpu_util_percent": 100,
      "memory_util_percent": 100,
      "temperature_c": 86,
      "power_watts": 289.982
    }
  },
  "timers": {
    "read_sequences": {
      "mean": 0.001878499984741211,
      "median": 0.001878499984741211,
      "std": 0.0,
      "min": 0.001878499984741211,
      "max": 0.001878499984741211,
      "p95": 0.001878499984741211,
      "p99": 0.001878499984741211,
      "total": 0.001878499984741211,
      "count": 1
    },
    "load_model": {
      "mean": 1.3857488632202148,
      "median": 1.3857488632202148,
      "std": 0.0,
      "min": 1.3857488632202148,
      "max": 1.3857488632202148,
      "p95": 1.3857488632202148,
      "p99": 1.3857488632202148,
      "total": 1.3857488632202148,
      "count": 1
    },
    "tokenize": {
      "mean": 0.029915593919299897,
      "median": 0.025721073150634766,
      "std": 0.019844044518711135,
      "min": 0.005995035171508789,
      "max": 0.09442758560180664,
      "p95": 0.0653984546661377,
      "p99": 0.08862175941467287,
      "total": 0.6282274723052979,
      "count": 21
    },
    "h2d_transfer": {
      "mean": 0.00013139134361630394,
      "median": 0.0001285076141357422,
      "std": 4.0920369942588486e-05,
      "min": 6.961822509765625e-05,
      "max": 0.00023126602172851562,
      "p95": 0.0002079010009765625,
      "p99": 0.00022659301757812502,
      "total": 0.002759218215942383,
      "count": 21
    },
    "forward": {
      "mean": 0.07284200759161086,
      "median": 0.01842212677001953,
      "std": 0.12451353118044559,
      "min": 0.017261028289794922,
      "max": 0.42202210426330566,
      "p95": 0.35288190841674805,
      "p99": 0.4081940650939942,
      "total": 1.5296821594238281,
      "count": 21
    },
    "mean_pool": {
      "mean": 0.000595138186500186,
      "median": 0.0003440380096435547,
      "std": 0.001194460999933438,
      "min": 0.00017952919006347656,
      "max": 0.005923748016357422,
      "p95": 0.0004684925079345703,
      "p99": 0.004832696914672856,
      "total": 0.012497901916503906,
      "count": 21
    },
    "d2h_transfer": {
      "mean": 0.0006588300069173177,
      "median": 0.0005674362182617188,
      "std": 0.00033588983378832584,
      "min": 0.0002493858337402344,
      "max": 0.0015554428100585938,
      "p95": 0.0013048648834228516,
      "p99": 0.0015053272247314456,
      "total": 0.013835430145263672,
      "count": 21
    }
  },
  "batch_stats": {
    "total_batches": 21,
    "total_items": 1000,
    "batch_time": {
      "mean": 2.0499581836518788,
      "median": 1.4690566062927246,
      "std": 1.6393593343090787,
      "min": 0.4817960262298584,
      "max": 6.714458465576172,
      "p95": 5.619401216506958,
      "p99": 6.49544701576233,
      "total": 43.04912185668945
    },
    "throughput": {
      "mean": 37.77586098194,
      "median": 32.674030254784824,
      "std": 23.906269859120737,
      "min": 7.118196131377883,
      "max": 99.62722269755676
    },
    "seq_length": {
      "mean": 416.57142857142856,
      "median": 359.0,
      "min": 97.0,
      "max": 1024.0
    }
  },
  "batch_details": [
    {
      "batch_time": 0.6786823272705078,
      "batch_size": 48,
      "throughput": 70.72528349610062,
      "max_seq_length": 97,
      "forward_time": 0.6660459041595459,
      "tokenize_time": 0.0060040950775146484,
      "h2d_time": 0.00015234947204589844,
      "d2h_time": 0.00025773048400878906
    },
    {
      "batch_time": 0.4817960262298584,
      "batch_size": 48,
      "throughput": 99.62722269755676,
      "max_seq_length": 136,
      "forward_time": 0.47145819664001465,
      "tokenize_time": 0.009651899337768555,
      "h2d_time": 7.43865966796875e-05,
      "d2h_time": 0.0002567768096923828
    },
    {
      "batch_time": 0.642148494720459,
      "batch_size": 48,
      "throughput": 74.74906566727284,
      "max_seq_length": 169,
      "forward_time": 0.6290414333343506,
      "tokenize_time": 0.012164115905761719,
      "h2d_time": 7.653236389160156e-05,
      "d2h_time": 0.0003788471221923828
    },
    {
      "batch_time": 0.776360273361206,
      "batch_size": 48,
      "throughput": 61.82696571037417,
      "max_seq_length": 196,
      "forward_time": 0.7612159252166748,
      "tokenize_time": 0.0141448974609375,
      "h2d_time": 9.202957153320312e-05,
      "d2h_time": 0.0004112720489501953
    },
    {
      "batch_time": 0.8105676174163818,
      "batch_size": 48,
      "throughput": 59.21776168778625,
      "max_seq_length": 218,
      "forward_time": 0.79398512840271,
      "tokenize_time": 0.01568913459777832,
      "h2d_time": 0.00010585784912109375,
      "d2h_time": 0.00039005279541015625
    },
    {
      "batch_time": 0.9303092956542969,
      "batch_size": 48,
      "throughput": 51.59574372116863,
      "max_seq_length": 243,
      "forward_time": 0.9122440814971924,
      "tokenize_time": 0.01692676544189453,
      "h2d_time": 9.822845458984375e-05,
      "d2h_time": 0.0004208087921142578
    },
    {
      "batch_time": 1.0335073471069336,
      "batch_size": 48,
      "throughput": 46.44379174890723,
      "max_seq_length": 266,
      "forward_time": 1.0129337310791016,
      "tokenize_time": 0.019478321075439453,
      "h2d_time": 0.00010704994201660156,
      "d2h_time": 0.00043487548828125
    },
    {
      "batch_time": 1.1529748439788818,
      "batch_size": 48,
      "throughput": 41.63143736454251,
      "max_seq_length": 293,
      "forward_time": 1.1314220428466797,
      "tokenize_time": 0.020462512969970703,
      "h2d_time": 0.00011563301086425781,
      "d2h_time": 0.0004982948303222656
    },
    {
      "batch_time": 1.2642557621002197,
      "batch_size": 48,
      "throughput": 37.96700117091889,
      "max_seq_length": 319,
      "forward_time": 1.2404000759124756,
      "tokenize_time": 0.02249598503112793,
      "h2d_time": 0.00011157989501953125,
      "d2h_time": 0.0005211830139160156
    },
    {
      "batch_time": 1.4169058799743652,
      "batch_size": 48,
      "throughput": 33.87663265316424,
      "max_seq_length": 339,
      "forward_time": 1.3909218311309814,
      "tokenize_time": 0.02474045753479004,
      "h2d_time": 0.00012159347534179688,
      "d2h_time": 0.00057220458984375
    },
    {
      "batch_time": 1.4690566062927246,
      "batch_size": 48,
      "throughput": 32.674030254784824,
      "max_seq_length": 359,
      "forward_time": 1.4419453144073486,
      "tokenize_time": 0.025727510452270508,
      "h2d_time": 0.00013780593872070312,
      "d2h_time": 0.0005605220794677734
    },
    {
      "batch_time": 1.7153313159942627,
      "batch_size": 48,
      "throughput": 27.982932248967668,
      "max_seq_length": 386,
      "forward_time": 1.6866443157196045,
      "tokenize_time": 0.027237653732299805,
      "h2d_time": 0.0001327991485595703,
      "d2h_time": 0.000637054443359375
    },
    {
      "batch_time": 1.8037471771240234,
      "batch_size": 48,
      "throughput": 26.61126825796805,
      "max_seq_length": 406,
      "forward_time": 1.7731740474700928,
      "tokenize_time": 0.029005050659179688,
      "h2d_time": 0.00013017654418945312,